Model,Precision,Recall,F1-Score,AUC-ROC
LightGBM Baseline,0.47320637732506643,0.5170578272441326,0.4941611747022777,0.8878251578744409
LightGBM Tuned,0.6015981735159818,0.510041132349383,0.5520492339924054,0.9088271498237455
XGBoost Baseline,0.5036691127418279,0.548028066779579,0.5249130938586327,0.9047499730261841
XGBoost Tuned,0.6631185270425777,0.557706266634406,0.6058614798265213,0.9296795935240976
