Threshold,Predicted_Fraud,Percentage
0.3,21404,4.224270808046718
0.5,12432,2.4535663747727905
0.7,8735,1.7239303638706824
0.9,4864,0.9599538969510016
